[
  {
    "constant": true,
    "inputs": [
      {
        "name": "",
        "type": "bytes32"
      }
    ],
    "name": "createdTokens",
    "outputs": [
      {
        "name": "",
        "type": "address"
      }
    ],
    "payable": false,
    "stateMutability": "view",
    "type": "function"
  },
  {
    "anonymous": false,
    "inputs": [
      {
        "indexed": false,
        "name": "symbol",
        "type": "string"
      },
      {
        "indexed": false,
        "name": "addr",
        "type": "address"
      }
    ],
    "name": "CreatedToken",
    "type": "event"
  },
  {
    "constant": false,
    "inputs": [
      {
        "name": "name",
        "type": "string"
      },
      {
        "name": "symbol",
        "type": "string"
      },
      {
        "name": "decimals",
        "type": "uint8"
      }
    ],
    "name": "newToken",
    "outputs": [
      {
        "name": "",
        "type": "address"
      }
    ],
    "payable": false,
    "stateMutability": "nonpayable",
    "type": "function"
  },
  {
    "constant": true,
    "inputs": [
      {
        "name": "symbol",
        "type": "string"
      }
    ],
    "name": "getToken",
    "outputs": [
      {
        "name": "",
        "type": "address"
      }
    ],
    "payable": false,
    "stateMutability": "view",
    "type": "function"
  }
]