[
  {
    "constant": true,
    "inputs": [
      {
        "name": "",
        "type": "address"
      }
    ],
    "name": "priceInDAI",
    "outputs": [
      {
        "name": "",
        "type": "uint256"
      }
    ],
    "payable": false,
    "stateMutability": "view",
    "type": "function"
  },
  {
    "constant": false,
    "inputs": [],
    "name": "renounceOwnership",
    "outputs": [],
    "payable": false,
    "stateMutability": "nonpayable",
    "type": "function"
  },
  {
    "constant": true,
    "inputs": [],
    "name": "owner",
    "outputs": [
      {
        "name": "",
        "type": "address"
      }
    ],
    "payable": false,
    "stateMutability": "view",
    "type": "function"
  },
  {
    "constant": false,
    "inputs": [
      {
        "name": "_newOwner",
        "type": "address"
      }
    ],
    "name": "transferOwnership",
    "outputs": [],
    "payable": false,
    "stateMutability": "nonpayable",
    "type": "function"
  },
  {
    "inputs": [
      {
        "name": "_tokens",
        "type": "address[]"
      },
      {
        "name": "_pricesInDAI",
        "type": "uint256[]"
      }
    ],
    "payable": false,
    "stateMutability": "nonpayable",
    "type": "constructor"
  },
  {
    "anonymous": false,
    "inputs": [
      {
        "indexed": true,
        "name": "previousOwner",
        "type": "address"
      }
    ],
    "name": "OwnershipRenounced",
    "type": "event"
  },
  {
    "anonymous": false,
    "inputs": [
      {
        "indexed": true,
        "name": "previousOwner",
        "type": "address"
      },
      {
        "indexed": true,
        "name": "newOwner",
        "type": "address"
      }
    ],
    "name": "OwnershipTransferred",
    "type": "event"
  },
  {
    "constant": false,
    "inputs": [
      {
        "name": "_token",
        "type": "address"
      },
      {
        "name": "_priceInDAI",
        "type": "uint256"
      }
    ],
    "name": "setTokenPrice",
    "outputs": [],
    "payable": false,
    "stateMutability": "nonpayable",
    "type": "function"
  },
  {
    "constant": false,
    "inputs": [
      {
        "name": "_tokens",
        "type": "address[]"
      },
      {
        "name": "_pricesInDAI",
        "type": "uint256[]"
      }
    ],
    "name": "setAllTokenPrices",
    "outputs": [],
    "payable": false,
    "stateMutability": "nonpayable",
    "type": "function"
  },
  {
    "constant": false,
    "inputs": [
      {
        "name": "src",
        "type": "address"
      },
      {
        "name": "srcAmount",
        "type": "uint256"
      },
      {
        "name": "dest",
        "type": "address"
      },
      {
        "name": "destAddress",
        "type": "address"
      },
      {
        "name": "maxDestAmount",
        "type": "uint256"
      },
      {
        "name": "minConversionRate",
        "type": "uint256"
      },
      {
        "name": "walletId",
        "type": "address"
      }
    ],
    "name": "trade",
    "outputs": [
      {
        "name": "",
        "type": "uint256"
      }
    ],
    "payable": true,
    "stateMutability": "payable",
    "type": "function"
  }
]